City_ID,City,Country,Max Temp,Lat,Lng,Hotel Name
3,Lompoc,US,89.02,34.6391,-120.4579,"Holiday Inn Express Lompoc, an IHG Hotel"
4,Butaritari,KI,82.42,3.0707,172.7902,Isles Sunset Lodge
21,Pandan,PH,84.13,14.0453,124.1694,Bonifacio Lodge
23,Maningrida,AU,79.54,-12.0667,134.2667,Dhukurrdji Lodge
24,Hithadhoo,MV,81.64,-0.6,73.0833,Scoop Guest House
27,Port Blair,IN,80.2,11.6667,92.75,"Welcomhotel By ITC Hotels, Bay Island, Port Blair"
33,Hilo,US,79.25,19.7297,-155.09,Hilo Hawaiian Hotel
47,Norman Wells,CA,86.04,65.282,-126.8329,Heritage Hotel
51,Georgetown,MY,80.89,5.4112,100.3354,Cititel Penang
52,Erzin,TR,81.32,36.9559,36.2,Artemis Otel
55,Bandarbeyla,SO,79.56,9.4942,50.8122,JABIR HOTEL
64,Yanam,IN,84.76,16.7333,82.2167,The Regency Hotel
65,Honiara,SB,83.32,-9.4333,159.95,Heritage Park Hotel
74,Pointe Michel,DM,80.83,15.25,-61.3833,Castle Comfort Lodge Dive Dominica
77,Hasaki,JP,86.29,35.7333,140.8333,Hotel Sunrise Choshi
81,Bassano,CA,85.39,50.7834,-112.4685,Imperial Hunter Hotel
84,Kapaa,US,86.32,22.0752,-159.319,Sheraton Kauai Coconut Beach Resort
90,Coari,BR,81.81,-4.085,-63.1414,HOTEL ALEX FLAT
96,Bubaque,GW,79.3,11.2833,-15.8333,"Casa Dora, Bubaque"
100,Whitehorse,CA,82.02,60.7161,-135.0538,The Sternwheeler Hotel & Conference Centre
101,Camalu,MX,83.98,30.85,-116.0667,La Cueva del Pirata
116,Katsuura,JP,86.14,35.1333,140.3,Katsuura Hotel Mikazuki
122,Shingu,JP,80.91,33.7333,135.9833,Shingu UI Hotel
123,College,US,84.65,64.8569,-147.8028,Pike's Waterfront Lodge
125,Avarua,CK,80.65,-21.2078,-159.775,Paradise Inn
127,Gayeri,BF,80.15,12.6497,0.4931,
128,Kahului,US,86.74,20.8947,-156.47,Maui Seaside Hotel
135,Kavaratti,IN,82.09,10.5669,72.642,Hotels in Lakshadweep Islands
141,Playa Vicente,MX,82.99,17.8333,-95.8167,"Hotel ""Imperio"""
142,Shimoda,JP,84.56,34.6667,138.95,Shimoda Tokyu Hotel
145,Grandview,US,81.55,38.8858,-94.533,Holiday Inn Express & Suites Kansas City-Grandview
150,Tomatlan,MX,86.34,19.9333,-105.25,El Salvial
154,Hambantota,LK,79.29,6.1241,81.1185,Bungalow 63
155,Naze,JP,81.52,28.3667,129.4833,奄美ポートタワーホテル
158,Sasebo,JP,84.18,33.1592,129.7228,Toyoko Inn Sasebo Ekimae
168,Puerto Colombia,CO,82.49,10.9878,-74.9547,Hotel El Emigrante
171,Dingle,PH,83.16,10.9995,122.6711,SEGAYA PROPERTY
174,Champerico,GT,88.36,14.3,-91.9167,"Hotel y restaurante ""El Diamante"""
175,Kavieng,PG,83.97,-2.5744,150.7967,Nusa Island Retreat
178,Riyadh,SA,87.94,24.6877,46.7219,"InterContinental Riyadh, an IHG Hotel"
184,Saint Anthony,US,83.95,45.0205,-93.218,"Holiday Inn Express Roseville-St. Paul, an IHG Hotel"
185,Arlit,NE,89.73,18.7369,7.3853,Case de Passage De la Prefecture
194,Puerto Princesa,PH,83.64,9.7392,118.7353,Deep Forest Garden Inn
201,Callaguip,PH,82.42,18.0714,120.4867,Pangil Beach Resort
209,Callaway,US,86.05,30.153,-85.5699,"Holiday Inn Express & Suites Panama City-Tyndall, an IHG Hotel"
218,Riberalta,BO,80.8,-10.9833,-66.1,Hotel Colonial
221,Tanout,NE,82.74,14.9709,8.8879,
228,Ugoofaaru,MV,82.13,5.6667,73.0,Ungoofaaru Inn
231,Gimli,CA,89.44,50.6336,-96.9907,Lakeview Gimli Resort
248,Victoria,HK,83.97,22.2855,114.1577,Mini Hotel Central
250,Purushottampur,IN,81.79,19.5333,84.8833,Hotel Nirupama
251,Auki,SB,82.72,-8.7676,160.7034,Auki Motel
267,Manzanillo,CU,80.91,20.3433,-77.1167,"HOSTAL ""THE YELLOW HOUSE"""
268,Sevlievo,BG,80.01,43.0258,25.1136,Incanto Hotel
272,Shido,JP,85.57,34.3233,134.1733,スペースインピア
278,Kailua,US,89.58,21.4022,-157.7394,Sheffield House Bed & Breakfast
280,Phan Thiet,VN,79.43,10.9333,108.1,Hotel Saigon-PT
282,Biltine,TD,79.27,14.5333,20.9167,Hôtel Trois Étoiles de Biltine
283,Finschhafen,PG,82.56,-6.6024,147.8681,Cossam Guest House
285,Awbari,LY,86.41,26.5921,12.7805,فندق أوباري
295,Cayenne,GF,79.09,4.9333,-52.3333,Hôtel Le Dronmi
299,Tateyama,JP,86.05,34.9833,139.8667,Tateyama Seaside Hotel
304,Cazones,MX,89.4,20.7167,-97.3167,Hotel paraíso
305,La Ronge,CA,82.65,55.1001,-105.2842,Northland Motor Hotel
310,Umm Kaddadah,SD,79.84,13.6017,26.6876,
315,Sao Felix Do Xingu,BR,79.57,-6.6447,-51.995,Rio Xingu Camping
320,Guilin,CN,80.71,25.2819,110.2864,Grand 0773 Hotel
332,Makakilo City,US,88.12,21.3469,-158.0858,Marriott's Ko Olina Beach Club
333,Samarai,PG,79.93,-10.6167,150.6667,Nuli Sapi
335,Robat Karim,IR,80.46,35.4846,51.0829,لوازم خانگي شايان
336,Lorengau,PG,83.14,-2.0226,147.2712,Lorengau Harbourside Hotel
339,Puerto Madero,MX,84.4,14.7208,-92.4215,Hotel La Central
340,Mopti,ML,87.15,14.6667,-4.0,
359,Bathsheba,BB,81.21,13.2167,-59.5167,Atlantis Hotel
360,Minuri,PH,83.21,16.535,121.8574,
365,Sorong,ID,81.75,-0.8833,131.25,waigo splash hotel
375,Hay River,CA,85.98,60.8156,-115.7999,Ptarmigan Inn
381,Balabac,PH,84.79,7.9868,117.0645,Sing and Swing Lodge
382,Nichinan,JP,82.08,31.6,131.3667,Guest House Aki
384,Bayir,TR,81.12,37.2687,28.2167,Hotel Babadag
385,Lloydminster,CA,87.48,53.2835,-110.0016,BCMInns - Lloydminster
392,Eyl,SO,79.03,7.9803,49.8164,Amiin Hotel
394,Bani,DO,80.04,18.2833,-70.3333,Hospedaje Henriquez
403,Kinablangan,PH,83.32,7.6947,126.5503,Danny Moreno Property
404,Carlagan,PH,84.69,14.975,122.0456,Cabatagan Island
405,Gigmoto,PH,84.78,13.7796,124.39,Cj's Travellers Inn
406,Banda Aceh,ID,79.39,5.5577,95.3222,Sulthan Hotel International
408,Guerrero Negro,MX,80.31,27.9769,-114.0611,"Casa Laguna, Bed & Breakfast"
410,Tabas,IR,81.9,33.5959,56.9244,شرکت معماری مهراز شایگان آراد
419,Bodden Town,KY,87.01,19.2833,-81.25,Will T Place
420,Wagar,SD,79.68,16.1525,36.2032,
426,Pundaguitan,PH,83.59,6.3711,126.1689,Leonardo Family Beach House 1
428,Kushima,JP,82.44,31.4583,131.2333,Hanaoka
432,Sedalia,US,79.59,38.7045,-93.2283,Best Western State Fair Inn
433,Ha Tinh,VN,82.9,18.3333,105.9,Phú Quý
435,Sanming,CN,80.17,26.2486,117.6186,Sanming Huangting Lijing Hotel
444,Qui Nhon,VN,83.7,13.7667,109.2333,Hoang Yen Canary Hotel
452,Kalmunai,LK,79.34,7.4167,81.8167,VS Villa
453,Cockburn Town,TC,82.36,21.4612,-71.1419,Osprey Beach Hotel
455,Anchorage,US,82.38,61.2181,-149.9003,Hotel Captain Cook
456,Vila Do Maio,CV,79.59,15.1333,-23.2167,Hotel Marilu
457,Machilipatnam,IN,85.17,16.1667,81.1333,R&B Bungalow
462,Pearl,US,80.78,32.2746,-90.132,Hilton Garden Inn Jackson Pearl
466,Mukhen,RU,79.11,48.1,136.1,
467,Fairbanks,US,87.1,64.8378,-147.7164,Westmark Fairbanks Hotel & Conference Center
474,Kidal,ML,82.9,18.4411,1.4078,
479,Marsh Harbour,BS,83.55,26.5412,-77.0636,Abaco Beach Resort
480,Thinadhoo,MV,81.36,0.5333,72.9333,
493,Bridgetown,BB,81.09,13.1,-59.6167,Hilton Barbados Resort
497,Soto La Marina,MX,88.84,23.7667,-98.2167,Hotel Chicago
498,Agua Dulce,MX,87.58,18.1333,-94.1333,Hotel Victoria
499,North Platte,US,89.26,41.1239,-100.7654,"Holiday Inn Express & Suites North Platte, an IHG Hotel"
505,Surt,LY,82.6,31.2089,16.5887,الهادي ابوشعاله سرت
511,Pochutla,MX,88.83,15.7432,-96.4661,Hotel Posada San Jose
512,Oistins,BB,80.69,13.0667,-59.5333,Butterfly Beach Hotel
514,Ise,JP,82.6,34.4833,136.7,Ise Fresh
521,Kuryk,KZ,85.14,43.2,51.65,Gostinitsa Kuryk - Otel' Dlya Vsekh Kategoriy Kliyentov .
532,Abnub,EG,84.42,27.2696,31.1511,Romany Adly Gad
533,Praya,CV,79.34,14.9215,-23.5087,LT Aparthotel
535,Mecca,SA,85.82,21.4267,39.8261,"Makkah Clock Royal Tower, A Fairmont Hotel"
538,Pak Phanang,TH,81.07,8.3511,100.202,Green Park Inn Hotel
540,Harrisburg,US,80.74,40.2737,-76.8844,Hilton Harrisburg
541,Najran,SA,81.25,17.4924,44.1277,محمد هادي ال فطيح
546,Cedar City,US,87.4,37.6775,-113.0619,Hampton Inn Cedar City
559,San Andres,CO,82.42,12.5847,-81.7006,Hotel Arena Blanca
560,Ternate,ID,83.23,0.8,127.4,Grand Dafam Bela Ternate
562,Ca Mau,VN,79.36,9.1769,105.15,Khách Sạn Mường Thanh Luxury Cà Mau
564,Virginia Beach,US,79.02,36.8529,-75.978,Hilton Virginia Beach Oceanfront
566,Les Cayes,HT,79.72,18.2,-73.75,Villa Orphee
570,Kloulklubed,PW,82.9,7.0419,134.2556,Storyboard Beach Resort
575,Shubarshi,KZ,79.5,48.5872,57.1869,
579,Kieta,PG,83.64,-6.2167,155.6333,Uruna Bay Retreat
583,Jalu,LY,87.8,29.0331,21.5482,صاحبة الفخامة
584,Tautira,PF,82.42,-17.7333,-149.15,Pension Oaoa
586,Manicore,BR,81.75,-5.8092,-61.3003,Hotel Durval
589,Havelock,US,80.55,34.8791,-76.9013,Sherwood Motel
590,Honolulu,US,89.42,21.3069,-157.8583,Aston at the Executive Centre Hotel
592,Lazaro Cardenas,MX,85.33,17.9583,-102.2,quinta antigua
595,Kuliyapitiya,LK,80.28,7.4688,80.0401,Rest House
598,Sur,OM,88.47,22.5667,59.5289,Sur Plaza Hotel
600,Gizo,SB,80.87,-8.103,156.8419,Imagination Island
604,Dzilam Gonzalez,MX,81.46,21.2833,-88.9333,posadas
605,Mount Pleasant,US,86.18,32.7941,-79.8626,Best Western Patriots Point
606,Tecoanapa,MX,85.86,16.5167,-98.75,Hotel Manglares
619,Lengshuitan,CN,84.56,26.4111,111.5956,Jialong Hotel
621,Brigantine,US,79.09,39.4101,-74.3646,Legacy Vacation Resorts Brigantine Beach
625,Ixtapa,MX,88.23,20.7,-105.2,Hotel Plaza Providencia
626,Vanimo,PG,84.24,-2.6741,141.3028,Vahmoneh Lodge Vanimo
628,Nha Trang,VN,84.2,12.25,109.1833,Sheraton Nha Trang Hotel & Spa
631,Daigo,JP,86.2,36.7667,140.35,Hotel Okukujikan
632,Sohag,EG,84.49,26.557,31.6948,Civil Registry - Sohag 1
637,Kandiari,PK,86.85,26.9156,68.5216,Birohi Tailors
644,Lumberton,US,84.51,34.6182,-79.0086,"Country Inn & Suites by Radisson, Lumberton, NC"
645,Immokalee,US,89.91,26.4187,-81.4173,Seminole Casino Hotel Immokalee
651,Oranjestad,AW,82.35,12.524,-70.027,Divi Village Golf & Beach Resort
652,Fort Saint James,CA,85.01,54.4333,-124.25,The View Hotel
654,Baillif,GP,80.1,16.0202,-61.7463,Hôtel Saint-Georges
657,Atar,MR,88.3,20.5169,-13.0499,Oumou Elghoura
670,Franklin,US,79.12,39.9667,-83.0166,Courtyard by Marriott Columbus Downtown
680,Puri,IN,84.38,19.8,85.85,OYO 1577 Hotel Shree Hari Grand
681,Sabang,ID,82.65,5.8933,95.3214,Hotel Citra
