City_ID,City,Country,Date,Lat,Lng,Max Temp,Humidity,Cloudiness,Wind Speed
0,Vigrestad,NO,2021-07-31 20:12,58.5667,5.7,57.58,74,98,26.31
1,Atuona,PF,2021-07-31 20:12,-9.8,-139.0333,76.75,70,40,12.97
2,Port Alfred,ZA,2021-07-31 20:12,-33.5906,26.891,67.06,41,100,5.99
3,Puerto Ayora,EC,2021-07-31 20:12,-0.7393,-90.3518,69.55,98,41,7
4,Ushuaia,AR,2021-07-31 20:08,-54.8,-68.3,44.26,57,75,18.41
5,Victoria,HK,2021-07-31 20:09,22.2855,114.1577,86.38,90,99,1.01
6,Ponta Do Sol,PT,2021-07-31 20:12,32.6667,-17.1,74.71,78,3,7.74
7,Chernyshevskiy,RU,2021-07-31 20:12,63.0128,112.4714,53.22,64,50,2.08
8,Ostrovnoy,RU,2021-07-31 20:12,68.0531,39.5131,46.58,95,99,5.01
9,Hobart,AU,2021-07-31 20:12,-42.8794,147.3294,48.06,71,20,3
10,Mar Del Plata,AR,2021-07-31 20:12,-38.0023,-57.5575,55.09,1,94,10
11,Mitsamiouli,KM,2021-07-31 20:12,-11.3847,43.2844,76.87,71,0,5.3
12,Provideniya,RU,2021-07-31 20:12,64.3833,-173.3,45.5,85,100,3.85
13,Luderitz,NA,2021-07-31 20:12,-26.6481,15.1594,70.38,26,0,6.62
14,Kaitangata,NZ,2021-07-31 20:12,-46.2817,169.8464,47.28,97,100,2.77
15,Mirnyy,RU,2021-07-31 20:12,62.5353,113.9611,54.91,61,41,1.63
16,Severo-Kurilsk,RU,2021-07-31 20:12,50.6789,156.125,53.53,96,100,4.72
17,Inhambane,MZ,2021-07-31 20:12,-23.865,35.3833,64.56,78,0,7.36
18,Payo,ID,2021-07-31 20:11,-3.7508,103.6372,72.77,88,35,1.43
19,Sistranda,NO,2021-07-31 20:12,63.7256,8.834,53.56,80,100,17.47
20,Lamu,KE,2021-07-31 20:12,-2.2717,40.902,73.62,82,100,19.1
21,Fairbanks,US,2021-07-31 20:10,64.8378,-147.7164,73.74,54,1,4.61
22,Airai,TL,2021-07-31 20:12,-8.9266,125.4092,58.24,90,60,3.62
23,Ancud,CL,2021-07-31 20:12,-41.8697,-73.8203,47.73,63,47,3.02
24,Majene,ID,2021-07-31 20:12,-3.5403,118.9707,77.5,87,98,5.12
25,Hithadhoo,MV,2021-07-31 20:12,-0.6,73.0833,81.5,71,91,3.06
26,Bredasdorp,ZA,2021-07-31 20:13,-34.5322,20.0403,51.28,89,100,2.48
27,Mataura,NZ,2021-07-31 20:13,-46.1927,168.8643,47.48,100,100,1.63
28,Dwarka,IN,2021-07-31 20:13,22.2394,68.9678,81.79,84,100,26.13
29,Kruisfontein,ZA,2021-07-31 20:13,-34.0033,24.7314,53.89,59,16,2.37
30,Banda Aceh,ID,2021-07-31 20:13,5.5577,95.3222,80.49,72,100,13.98
31,Rikitea,PF,2021-07-31 20:13,-23.1203,-134.9692,70.63,71,4,9.89
32,Lebu,CL,2021-07-31 20:13,-37.6167,-73.65,51.91,68,0,15.7
33,Clyde River,CA,2021-07-31 20:13,70.4692,-68.5914,40.66,82,100,3.65
34,Khatanga,RU,2021-07-31 20:13,71.9667,102.5,67.19,44,100,13.65
35,Tyret Pervaya,RU,2021-07-31 20:13,53.6703,102.3106,56.8,89,100,3.98
36,Butaritari,KI,2021-07-31 20:13,3.0707,172.7902,81.16,75,14,6.04
37,Vaini,TO,2021-07-31 20:13,-21.2,-175.2,73.56,88,90,17.27
38,Waipawa,NZ,2021-07-31 20:13,-41.4122,175.5153,41.63,92,100,3.65
39,Hilo,US,2021-07-31 20:11,19.7297,-155.09,80.33,73,75,0
40,Samarai,PG,2021-07-31 20:13,-10.6167,150.6667,78.12,65,91,15.86
41,Albany,US,2021-07-31 20:10,42.6001,-73.9662,73.85,50,67,8.34
42,Kavaratti,IN,2021-07-31 20:13,10.5669,72.642,81.27,81,17,15.26
43,Aklavik,CA,2021-07-31 20:13,68.2191,-135.0107,76.41,38,96,11.48
44,Punta Arenas,CL,2021-07-31 20:12,-53.15,-70.9167,42.12,60,0,17.27
45,Castro,BR,2021-07-31 20:13,-24.7911,-50.0119,53.19,63,95,6.89
46,Cape Town,ZA,2021-07-31 20:10,-33.9258,18.4232,57.27,95,75,1.01
47,Lagoa,PT,2021-07-31 20:13,39.05,-27.9833,71.22,80,100,9.75
48,Gat,IL,2021-07-31 20:13,31.61,34.7642,84.4,57,0,4.12
49,Port-Cartier,CA,2021-07-31 20:13,50.0334,-66.8654,67.93,56,100,9.35
50,Narsaq,GL,2021-07-31 20:12,60.9167,-46.05,62.82,70,19,4.14
51,Qaanaaq,GL,2021-07-31 20:13,77.484,-69.3632,43.2,83,93,3.44
52,Tilichiki,RU,2021-07-31 20:13,60.4667,166.1,48.9,54,29,4
53,Yumen,CN,2021-07-31 20:13,40.2833,97.2,76.6,21,99,19.98
54,Casablanca,MA,2021-07-31 20:13,33.5928,-7.6192,71.82,68,5,15.99
55,Ugoofaaru,MV,2021-07-31 20:11,5.6667,73,82.22,76,28,11.23
56,Guilin,CN,2021-07-31 20:10,25.2819,110.2864,77.99,91,100,0.2
57,Guerrero Negro,MX,2021-07-31 20:13,27.9769,-114.0611,85.32,48,5,11.36
58,Heishan,CN,2021-07-31 20:13,41.6892,122.1128,70.48,99,36,6.6
59,Marawi,PH,2021-07-31 20:13,7.9986,124.2928,68.65,92,57,3.15
60,Barrow,US,2021-07-31 20:13,71.2906,-156.7887,48.22,90,90,17.27
61,Dikson,RU,2021-07-31 20:13,73.5069,80.5464,42.39,96,100,13.22
62,Zhangjiakou,CN,2021-07-31 20:13,40.81,114.8794,67.3,61,54,13
63,Mali,GN,2021-07-31 20:13,12.079,-12.2982,60.49,95,91,3.56
64,Ixtapa,MX,2021-07-31 20:12,20.7,-105.2,88.23,70,75,6.91
65,Kapaa,US,2021-07-31 20:09,22.0752,-159.319,84.52,67,40,5.99
66,Atherton,GB,2021-07-31 20:13,53.5237,-2.4935,62.29,86,99,4
67,Katsuura,JP,2021-07-31 20:09,35.1333,140.3,80.11,82,89,0.74
68,Atar,MR,2021-07-31 20:13,20.5169,-13.0499,99.41,23,6,17.38
69,Jamestown,US,2021-07-31 20:13,42.097,-79.2353,74.52,55,1,3
70,Yellowknife,CA,2021-07-31 20:13,62.456,-114.3525,82.29,53,2,8.99
71,Deputatskiy,RU,2021-07-31 20:13,69.3,139.9,43.74,83,100,6.73
72,Aginskoye,RU,2021-07-31 20:13,51.1,114.53,54.09,75,70,2.89
73,Calabar,NG,2021-07-31 20:10,4.9517,8.322,73.89,95,85,3.8
74,Leningradskiy,RU,2021-07-31 20:13,69.3833,178.4167,33.51,90,100,13.65
75,Arraial Do Cabo,BR,2021-07-31 20:13,-22.9661,-42.0278,62.46,88,75,2.3
76,Mahebourg,MU,2021-07-31 20:13,-20.4081,57.7,67.24,69,7,15.28
77,Coihaique,CL,2021-07-31 20:13,-45.5752,-72.0662,42.75,56,0,5.75
78,Porto Novo,BJ,2021-07-31 20:13,6.4965,2.6036,76.48,85,100,6.02
79,Henties Bay,NA,2021-07-31 20:12,-22.116,14.2845,69.31,38,0,11.7
80,Hasaki,JP,2021-07-31 20:13,35.7333,140.8333,73.8,91,53,6.85
81,Busselton,AU,2021-07-31 20:13,-33.65,115.3333,49.08,81,80,27.87
82,Sumbe,AO,2021-07-31 20:13,-11.2061,13.8437,70.66,92,3,6.08
83,Norman Wells,CA,2021-07-31 20:13,65.282,-126.8329,81.73,39,65,5.84
84,Chuy,UY,2021-07-31 20:10,-33.6971,-53.4616,53.89,80,0,4.68
85,Ishigaki,JP,2021-07-31 20:13,24.3448,124.1572,83.48,82,100,20.36
86,Fortuna,US,2021-07-31 20:13,40.5982,-124.1573,99.48,74,1,13.8
87,Bonavista,CA,2021-07-31 20:13,48.6499,-53.1147,65.7,70,4,21.54
88,Vidim,RU,2021-07-31 20:13,56.4088,103.1106,60.46,68,100,3.06
89,Saint-Philippe,RE,2021-07-31 20:13,-21.3585,55.7679,69.39,81,24,13.29
90,Shellbrook,CA,2021-07-31 20:13,53.2168,-106.4011,85.96,23,0,6.69
91,Sungaipenuh,ID,2021-07-31 20:13,-2.0833,101.3833,63.64,98,96,1.05
92,Tasiilaq,GL,2021-07-31 20:13,65.6145,-37.6368,53.76,78,66,3.4
93,Takoradi,GH,2021-07-31 20:13,4.8845,-1.7554,76.5,85,46,7.31
94,Nanortalik,GL,2021-07-31 20:13,60.1432,-45.2371,48.36,81,72,14.23
95,Kosmynino,RU,2021-07-31 20:13,57.5818,40.7643,63.88,70,51,8.21
96,Rawson,AR,2021-07-31 20:13,-43.3002,-65.1023,50.07,33,0,7.72
97,Suclayin,PH,2021-07-31 20:13,15.7568,121.5503,78.67,88,100,7
98,Port Elizabeth,ZA,2021-07-31 20:13,-33.918,25.5701,56.1,60,93,2.35
99,Isangel,VU,2021-07-31 20:13,-19.55,169.2667,69.58,57,8,15.3
100,Paamiut,GL,2021-07-31 20:13,61.994,-49.6678,45.61,85,97,17.72
101,Kodiak,US,2021-07-31 20:10,57.79,-152.4072,53.11,87,90,4.61
102,Shahdadpur,PK,2021-07-31 20:13,25.9241,68.62,86,69,100,24.32
103,Thinadhoo,MV,2021-07-31 20:13,0.5333,72.9333,81.9,70,96,1.48
104,Itarema,BR,2021-07-31 20:13,-2.9248,-39.9167,81.61,68,89,15.57
105,Touros,BR,2021-07-31 20:13,-5.1989,-35.4608,81.5,67,91,17.58
106,Vao,NC,2021-07-31 20:13,-22.6667,167.4833,66.83,59,0,22.68
107,Luanda,AO,2021-07-31 20:10,-8.8368,13.2343,73.4,78,0,5.75
108,San Patricio,US,2021-07-31 20:13,28.017,-97.5169,97.52,40,40,14.5
109,Lompoc,US,2021-07-31 20:13,34.6391,-120.4579,92.01,68,20,12.66
110,Tiznit,MA,2021-07-31 20:13,29.5833,-9.5,83.77,37,3,2.95
111,La Ronge,CA,2021-07-31 20:13,55.1001,-105.2842,71.96,39,0,6.76
112,Muli,MV,2021-07-31 20:13,2.9167,73.5667,82.49,73,100,6.06
113,Taos,US,2021-07-31 20:13,36.4072,-105.5731,76.21,51,1,1.01
114,East London,ZA,2021-07-31 20:13,-33.0153,27.9116,66,40,87,6.85
115,Vardo,NO,2021-07-31 20:13,70.3705,31.1107,48.16,90,100,14.52
116,Hualmay,PE,2021-07-31 20:13,-11.0964,-77.6139,67.68,73,18,13.85
117,Saldanha,ZA,2021-07-31 20:13,-33.0117,17.9442,59.31,53,56,1.23
118,Tomatlan,MX,2021-07-31 20:13,19.9333,-105.25,89.49,56,76,3.94
119,Kutum,SD,2021-07-31 20:13,14.2,24.6667,69.85,78,100,12.73
120,Talcahuano,CL,2021-07-31 20:13,-36.7167,-73.1167,60.48,48,0,10.36
121,Rocha,UY,2021-07-31 20:13,-34.4833,-54.3333,54.63,70,3,4.38
122,Chokurdakh,RU,2021-07-31 20:13,70.6333,147.9167,37.51,82,100,20.38
123,Jumla,NP,2021-07-31 20:13,29.2747,82.1838,63.43,96,100,2.39
124,Lasa,IT,2021-07-31 20:13,46.6166,10.7002,62.02,93,100,4.23
125,Geraldton,AU,2021-07-31 20:13,-28.7667,114.6,62.13,63,75,16.11
126,Avarua,CK,2021-07-31 20:13,-21.2078,-159.775,75.25,73,40,16.11
127,New Norfolk,AU,2021-07-31 20:13,-42.7826,147.0587,47.7,73,12,4
128,Codrington,AU,2021-07-31 20:13,-38.2667,141.9667,41.49,91,52,8.72
129,Medina,SA,2021-07-31 20:13,24.4686,39.6142,91.83,12,0,10.36
130,Margate,GB,2021-07-31 20:13,51.3813,1.3862,64.04,86,43,1.99
131,Dudhani,IN,2021-07-31 20:13,17.3667,76.3667,74.07,82,100,16.08
132,Mantua,IT,2021-07-31 20:13,45.1667,10.7833,82.09,75,40,5.99
133,Tarko-Sale,RU,2021-07-31 20:13,64.9225,77.785,52.65,77,55,8.48
134,Keningau,MY,2021-07-31 20:13,5.3378,116.1602,75.65,92,17,1.21
135,Upernavik,GL,2021-07-31 20:13,72.7868,-56.1549,42.76,78,100,0.51
136,Thompson,CA,2021-07-31 20:13,55.7435,-97.8558,76.57,33,87,10.11
137,Atasu,KZ,2021-07-31 20:13,48.6814,71.6433,73.89,27,1,4.12
138,Ahipara,NZ,2021-07-31 20:13,-35.1667,173.1667,52.09,86,19,5.01
139,Pangoa,PE,2021-07-31 20:13,-12.1167,-73,80.71,44,0,4.32
140,Tuatapere,NZ,2021-07-31 20:13,-46.1333,167.6833,47.82,96,100,3.91
141,Makakilo City,US,2021-07-31 20:12,21.3469,-158.0858,82.72,61,90,10.36
142,Beringovskiy,RU,2021-07-31 20:13,63.05,179.3167,42.35,86,100,5.75
143,Kananga,CD,2021-07-31 20:13,-5.8958,22.4178,75.87,24,39,4.81
144,Dingle,PH,2021-07-31 20:13,10.9995,122.6711,77.77,88,98,6.4
145,Matadi,CD,2021-07-31 20:13,-5.8167,13.45,76.17,69,2,8.05
146,Zaysan,KZ,2021-07-31 20:13,47.4667,84.8667,61.93,19,0,9.24
147,Kiama,AU,2021-07-31 20:13,-34.6833,150.8667,60.01,70,1,8.08
148,Santa Lucia,ES,2021-07-31 20:12,27.9117,-15.5407,68.76,68,20,31.07
149,Pizarro,CO,2021-07-31 20:13,4.9533,-77.366,83.26,75,51,8.75
150,Canutama,BR,2021-07-31 20:13,-6.5339,-64.3831,93.72,25,5,1.83
151,Milton,US,2021-07-31 20:09,34.1322,-84.3007,93.96,62,83,3
152,Fort Nelson,CA,2021-07-31 20:13,58.8053,-122.7002,88.18,31,0,2.01
153,Sinnamary,GF,2021-07-31 20:13,5.3833,-52.95,82.94,74,87,8.41
154,Ouro Preto Do Oeste,BR,2021-07-31 20:13,-10.7481,-62.2158,91.54,23,6,1.52
155,Faanui,PF,2021-07-31 20:13,-16.4833,-151.75,77.86,63,96,16.62
156,Kaeo,NZ,2021-07-31 20:13,-35.1,173.7833,52.32,91,13,7.31
157,Georgetown,MY,2021-07-31 20:13,5.4112,100.3354,78.73,93,20,1.01
158,Yar-Sale,RU,2021-07-31 20:13,66.8333,70.8333,46.44,86,14,8.19
159,Rapid Valley,US,2021-07-31 20:13,44.0625,-103.1463,87.76,39,1,1.01
160,Pevek,RU,2021-07-31 20:13,69.7008,170.3133,35.87,79,86,2.82
161,Grand Gaube,MU,2021-07-31 20:13,-20.0064,57.6608,67.37,81,0,3
162,San Policarpo,PH,2021-07-31 20:13,12.1791,125.5072,82.08,79,99,9.82
163,Torbay,CA,2021-07-31 20:13,47.6666,-52.7314,70.57,74,61,8.01
164,Tucuman,AR,2021-07-31 20:13,-26.8241,-65.2226,68,28,22,5.75
165,Hermanus,ZA,2021-07-31 20:13,-34.4187,19.2345,55.9,78,100,4.9
166,Salawagan,PH,2021-07-31 20:13,7.7053,125.115,72.72,95,100,0.2
167,Nikolskoye,RU,2021-07-31 20:13,59.7035,30.7861,66.09,71,71,4.38
168,Ribeira Grande,PT,2021-07-31 20:13,38.5167,-28.7,77.4,65,20,13.8
169,Grootfontein,NA,2021-07-31 20:13,-19.5667,18.1167,54.84,31,0,7.99
170,Dakar,SN,2021-07-31 20:11,14.6937,-17.4441,81.48,83,100,9.55
171,Bilibino,RU,2021-07-31 20:13,68.0546,166.4372,42.37,70,100,1.79
172,Tura,IN,2021-07-31 20:13,25.5198,90.2201,74.21,98,100,4.63
173,Koutiala,ML,2021-07-31 20:13,12.3917,-5.4642,75.04,90,100,7.25
174,Klaksvik,FO,2021-07-31 20:13,62.2266,-6.589,49.12,74,84,12.46
175,Katangli,RU,2021-07-31 20:13,51.7102,143.2326,53.74,83,100,12.71
176,Tiksi,RU,2021-07-31 20:13,71.6872,128.8694,39.94,91,93,8.1
177,Snezhnogorsk,RU,2021-07-31 20:13,69.1933,33.2531,53.38,79,97,11.92
178,Sibolga,ID,2021-07-31 20:13,1.7427,98.7792,74.79,92,100,2.46
179,Chateauroux,FR,2021-07-31 20:11,46.8167,1.7,62.6,67,0,5.75
180,Karangampel,ID,2021-07-31 20:13,-6.4622,108.4519,77.18,77,29,6.78
181,Pangai,TO,2021-07-31 20:13,-19.8,-174.35,76.6,81,100,18.77
182,Takhtamygda,RU,2021-07-31 20:13,54.1,123.5667,56.35,77,100,6.98
183,Tahoua,NE,2021-07-31 20:13,14.8888,5.2692,87.89,48,19,7.52
184,Carballo,ES,2021-07-31 20:13,43.213,-8.691,63.82,84,54,2.93
185,Itapirapua,BR,2021-07-31 20:13,-15.8233,-50.6133,92.05,16,17,6.26
186,Kautokeino,NO,2021-07-31 20:13,69.0125,23.0412,44.01,92,100,9.66
187,San Quintin,MX,2021-07-31 20:13,30.4833,-115.95,78.24,63,2,13.69
188,Esperance,AU,2021-07-31 20:13,-33.8667,121.9,52,72,8,29.33
189,Tuburan,PH,2021-07-31 20:13,6.6439,122.2736,81.16,79,60,3.8
190,Ornskoldsvik,SE,2021-07-31 20:13,63.2909,18.7153,62.42,94,100,3.44
191,Saint-Augustin,CA,2021-07-31 20:13,51.226,-58.6502,54.95,87,100,18.05
192,Zvecka,RS,2021-07-31 20:13,44.6389,20.1647,82.63,73,50,6.24
193,Baykit,RU,2021-07-31 20:13,61.67,96.37,53.24,88,6,1.5
194,Udachnyy,RU,2021-07-31 20:13,66.4167,112.4,62.15,42,6,5.17
195,Vila Velha,BR,2021-07-31 20:10,-20.3297,-40.2925,73.96,74,75,13.8
196,Ketchikan,US,2021-07-31 20:13,55.3422,-131.6461,72.07,64,1,13.8
197,San Joaquin,US,2021-07-31 20:13,37.9333,-121.3011,95.58,35,1,5.75
198,Port Blair,IN,2021-07-31 20:13,11.6667,92.75,82.09,81,100,17.16
199,Puerto Leguizamo,CO,2021-07-31 20:13,-0.1934,-74.7819,82.22,55,94,3.53
200,Kavieng,PG,2021-07-31 20:13,-2.5744,150.7967,80.65,75,40,5.64
201,Coahuayana,MX,2021-07-31 20:13,18.7333,-103.6833,92.68,51,92,6.2
202,Lorengau,PG,2021-07-31 20:13,-2.0226,147.2712,79.75,77,36,4.18
203,Qeshm,IR,2021-07-31 20:13,26.9581,56.2719,93.07,77,100,1.05
204,Tortoli,IT,2021-07-31 20:13,39.9256,9.6572,80.82,38,96,9.4
205,Benguela,AO,2021-07-31 20:13,-12.5763,13.4055,71.47,84,0,4.12
206,Santa Maria,BR,2021-07-31 20:13,-29.6842,-53.8069,60.37,67,43,5.32
207,Kokopo,PG,2021-07-31 20:10,-4.352,152.2633,75.83,85,56,5.86
208,Lakatoro,VU,2021-07-31 20:13,-16.0999,167.4164,70.97,64,100,10.11
209,Hamilton,US,2021-07-31 20:12,39.1834,-84.5333,79.25,72,90,3
210,Vila Franca Do Campo,PT,2021-07-31 20:13,37.7167,-25.4333,75.61,79,32,5.12
211,Yinchuan,CN,2021-07-31 20:13,38.4681,106.2731,74.71,36,0,10.58
212,Longyearbyen,SJ,2021-07-31 20:13,78.2186,15.6401,44.44,70,75,12.66
213,Hovd,MN,2021-07-31 20:13,48.0056,91.6419,55.45,89,100,2.98
214,Satipo,PE,2021-07-31 20:13,-11.2522,-74.6386,81.61,50,74,2.37
215,Arman,RU,2021-07-31 20:13,59.7,150.1667,54.12,68,35,3.53
216,Plock,PL,2021-07-31 20:13,52.5468,19.7064,67.96,57,6,8.05
217,Nanakuli,US,2021-07-31 20:13,21.3906,-158.1547,84.15,69,90,10.36
218,Boyolangu,ID,2021-07-31 20:13,-8.1181,111.8935,74.32,89,86,6.31
219,Nogliki,RU,2021-07-31 20:12,51.8333,143.1667,53.89,83,100,13.38
220,Keetmanshoop,NA,2021-07-31 20:13,-26.5833,18.1333,61.34,20,1,11.36
221,Kendari,ID,2021-07-31 20:13,-3.945,122.4989,73.94,95,100,2.91
222,Belleville,CA,2021-07-31 20:13,44.1788,-77.3705,67.91,56,100,1.99
223,Lata,PT,2021-07-31 20:13,40.1629,-8.3327,62.92,80,9,8.55
224,Ipora,BR,2021-07-31 20:13,-16.4419,-51.1178,86.86,18,5,3.96
225,Labuhan,ID,2021-07-31 20:13,-6.8844,112.2051,75.51,85,86,6.93
226,Merritt Island,US,2021-07-31 20:13,28.5392,-80.672,98.08,54,1,9.22
227,Arica,CL,2021-07-31 20:13,-18.475,-70.3042,64.63,63,0,10.36
228,Wewak,PG,2021-07-31 20:13,-3.5534,143.6268,77.4,87,91,4.52
229,Grindavik,IS,2021-07-31 20:13,63.8424,-22.4338,54.55,100,90,13.8
230,Havelock,US,2021-07-31 20:13,34.8791,-76.9013,92.98,83,75,7
231,Muros,ES,2021-07-31 20:13,42.7762,-9.0603,64.9,82,97,5.68
232,Naze,JP,2021-07-31 20:13,28.3667,129.4833,78.76,84,98,8.55
233,Taltal,CL,2021-07-31 20:10,-25.4,-70.4833,63.18,69,24,4.34
234,Karratha,AU,2021-07-31 20:13,-20.7377,116.8463,61.48,50,0,9.19
235,Caravelas,BR,2021-07-31 20:13,-17.7125,-39.2481,69.64,69,42,12.73
236,Kamenka,RU,2021-07-31 20:13,51.3223,42.7678,70.93,73,36,1.7
237,Zhucheng,CN,2021-07-31 20:13,35.9947,119.3975,75.2,94,0,5.77
238,Mahina,PF,2021-07-31 20:13,-17.5065,-149.489,80.37,61,20,4.61
239,Bontang,ID,2021-07-31 20:13,0.1333,117.5,75.96,93,54,7.36
240,Kahului,US,2021-07-31 20:09,20.8947,-156.47,84.97,67,20,24.16
241,Sisimiut,GL,2021-07-31 20:13,66.9395,-53.6735,49.33,77,12,4.36
242,Vina Del Mar,CL,2021-07-31 20:13,-33.0246,-71.5518,64.47,51,77,3.44
243,Necochea,AR,2021-07-31 20:14,-38.5473,-58.7368,51.04,66,39,9.84
244,Pitimbu,BR,2021-07-31 20:14,-7.4706,-34.8086,81.19,81,6,16.22
245,Cap Malheureux,MU,2021-07-31 20:14,-19.9842,57.6142,67.46,81,0,3
246,Laguna,US,2021-07-31 20:14,38.421,-121.4238,100.15,34,1,7
247,Srednekolymsk,RU,2021-07-31 20:12,67.45,153.6833,40.62,86,100,12.15
248,Lashio,MM,2021-07-31 20:14,22.9333,97.75,68.76,99,90,0.74
249,Bluff,NZ,2021-07-31 20:14,-46.6,168.3333,47.8,95,100,5.44
250,Tuktoyaktuk,CA,2021-07-31 20:14,69.4541,-133.0374,57.2,100,90,18.41
251,Hurghada,EG,2021-07-31 20:14,27.2574,33.8129,88.39,35,23,5.03
252,Uberaba,BR,2021-07-31 20:14,-19.7483,-47.9319,78.94,29,7,3.13
253,Kenora,CA,2021-07-31 20:14,49.8167,-94.4337,75.78,36,57,15.01
254,Mikhaylovka,RU,2021-07-31 20:14,50.06,43.2379,71.47,72,2,3.2
255,Huanren,CN,2021-07-31 20:14,41.2647,125.3667,70.83,99,73,3.91
256,Amapa,BR,2021-07-31 20:14,1,-52,82.56,72,100,3.36
257,Salalah,OM,2021-07-31 20:14,17.0151,54.0924,77.09,94,90,6.91
258,Bethel,US,2021-07-31 20:12,41.3712,-73.414,77.49,55,20,3.44
259,Bereda,ES,2021-07-31 20:14,43.2686,-7.5406,59.92,74,11,3.53
260,Kismayo,SO,2021-07-31 20:14,-0.3582,42.5454,75.58,85,82,20.38
261,Carnarvon,AU,2021-07-31 20:14,-24.8667,113.6333,53.67,55,90,4.61
262,Gashua,NG,2021-07-31 20:14,12.871,11.0482,85.21,53,46,7.07
263,Krasnogorsk,RU,2021-07-31 20:14,55.8225,37.3181,67.17,59,0,6.71
264,Mahajanga,MG,2021-07-31 20:14,-15.7167,46.3167,73.42,56,20,8.05
265,Koyelga,RU,2021-07-31 20:14,54.6522,60.9049,63.77,91,23,6.53
266,Hibbing,US,2021-07-31 20:14,47.4272,-92.9377,78.3,49,1,13.8
267,Whitehorse,CA,2021-07-31 20:14,60.7161,-135.0538,77.09,40,2,13
268,Beyneu,KZ,2021-07-31 20:14,45.3167,55.2,87.73,15,0,16.84
269,Skjervoy,NO,2021-07-31 20:14,70.0311,20.9714,46.09,78,100,4.5
270,Praia Da Vitoria,PT,2021-07-31 20:14,38.7333,-27.0667,71.71,79,100,11.03
271,Bambous Virieux,MU,2021-07-31 20:14,-20.3428,57.7575,67.21,70,3,15.17
272,Okmulgee,US,2021-07-31 20:14,35.6234,-95.9605,100.38,41,40,6.91
273,Kirakira,SB,2021-07-31 20:14,-10.4544,161.9205,75.04,82,100,6.38
274,Zhigansk,RU,2021-07-31 20:14,66.7697,123.3711,64.6,47,11,7.25
275,Muggia,IT,2021-07-31 20:14,45.6042,13.7675,80.58,69,0,4.61
276,Khandyga,RU,2021-07-31 20:14,62.6667,135.6,54.97,62,4,2.48
277,Selma,US,2021-07-31 20:14,36.5708,-119.6121,102.02,30,1,4.61
278,Nyurba,RU,2021-07-31 20:14,63.2842,118.3319,55.89,63,6,1.79
279,Richards Bay,ZA,2021-07-31 20:14,-28.783,32.0377,63.63,82,0,9.78
280,Bengkulu,ID,2021-07-31 20:14,-3.8004,102.2655,75.09,91,31,3.74
281,Portland,US,2021-07-31 20:12,45.5234,-122.6762,91.89,45,90,1.01
282,Cidreira,BR,2021-07-31 20:14,-30.1811,-50.2056,57,82,0,13.94
283,Hofn,IS,2021-07-31 20:14,64.2539,-15.2082,50.02,88,34,10.45
284,Waddan,LY,2021-07-31 20:14,29.1614,16.139,92.89,13,0,6.69
285,Port Lincoln,AU,2021-07-31 20:14,-34.7333,135.8667,49.12,76,4,8.28
286,Khani,GE,2021-07-31 20:14,41.9563,42.9566,65.77,94,68,1.1
287,Hermiston,US,2021-07-31 20:14,45.8404,-119.2895,101.17,23,1,8.05
288,Gangawati,IN,2021-07-31 20:14,15.4333,76.5333,74.82,79,100,18.63
289,Champerico,GT,2021-07-31 20:14,14.3,-91.9167,93.74,72,14,6.06
290,Dusti,TJ,2021-07-31 20:14,37.3481,68.664,83.12,19,28,1.1
291,Saint-Joseph,RE,2021-07-31 20:14,-21.3667,55.6167,68.38,78,12,14.09
292,Galveston,US,2021-07-31 20:10,29.3669,-94.9669,97.2,75,75,1.01
293,Caiaponia,BR,2021-07-31 20:10,-16.9567,-51.8103,86.45,17,27,2.24
294,Thongwa,MM,2021-07-31 20:14,16.7619,96.5278,77.16,89,100,7.14
295,Ludza,LV,2021-07-31 20:14,56.55,27.7167,64.92,69,100,5.17
296,Pangnirtung,CA,2021-07-31 20:14,66.1451,-65.7125,55.81,59,100,4.07
297,Lusambo,CD,2021-07-31 20:14,-4.9667,23.45,73.22,32,21,3.02
298,Manadhoo,MV,2021-07-31 20:14,5.7667,73.3833,81.77,77,62,11.72
299,Methoni,GR,2021-07-31 20:14,36.8197,21.7049,82.26,61,0,11.88
300,Adeje,ES,2021-07-31 20:14,28.1227,-16.726,77.02,67,0,7
301,Camalu,MX,2021-07-31 20:14,30.85,-116.0667,90.43,57,3,11.72
302,Roald,NO,2021-07-31 20:14,62.5833,6.1333,56.91,76,75,18.41
303,Buta,CD,2021-07-31 20:14,2.7858,24.73,69.76,99,100,5.06
304,Englewood,US,2021-07-31 20:10,39.6478,-104.9878,78.82,58,75,3
305,Haines Junction,CA,2021-07-31 20:14,60.7522,-137.5108,75.42,36,7,4.54
306,Padang,ID,2021-07-31 20:14,-0.9492,100.3543,76.19,88,100,3.09
307,Los Llanos De Aridane,ES,2021-07-31 20:14,28.6585,-17.9182,69.55,73,75,20.71
308,Manggar,ID,2021-07-31 20:14,-2.8833,108.2667,80.8,77,43,10.29
309,Tezu,IN,2021-07-31 20:14,27.9167,96.1667,76.3,99,97,1.86
310,Dunedin,NZ,2021-07-31 20:14,-45.8742,170.5036,51.8,84,100,11.99
311,Saskylakh,RU,2021-07-31 20:10,71.9167,114.0833,65.75,42,0,8.46
312,Lethem,GY,2021-07-31 20:14,3.3803,-59.7968,84.72,67,72,2.75
313,Nichinan,JP,2021-07-31 20:14,31.6,131.3667,80.76,89,81,4.29
314,Chulym,RU,2021-07-31 20:14,55.0997,80.9572,64.13,48,92,5.32
315,Bulembu,SZ,2021-07-31 20:14,-25.9667,31.1333,49.96,44,0,4
316,Batagay,RU,2021-07-31 20:14,67.6333,134.6333,58.1,64,24,4.09
317,Nome,US,2021-07-31 20:14,64.5011,-165.4064,49.15,93,90,21.85
318,Virovitica,HR,2021-07-31 20:14,45.8319,17.3839,72.21,73,0,6.46
319,Semey,KZ,2021-07-31 20:14,50.4111,80.2275,69.64,25,82,7.67
320,Pedernales,DO,2021-07-31 20:14,18.0384,-71.744,90.64,56,56,3.38
321,Rio Gallegos,AR,2021-07-31 20:11,-51.6226,-69.2181,42.85,42,75,20.71
322,Lubao,PH,2021-07-31 20:14,14.9167,120.55,82.15,92,100,5.91
323,Pangody,RU,2021-07-31 20:14,65.85,74.4859,48.24,84,9,7.4
324,Nazas,MX,2021-07-31 20:14,25.2333,-104.1333,90.64,30,34,7.99
325,Olafsvik,IS,2021-07-31 20:14,64.8945,-23.7142,55.08,91,87,7.54
326,Qarchi Gak,AF,2021-07-31 20:14,37.04,66.7889,80.69,14,0,11.41
327,Sonoita,MX,2021-07-31 20:14,31.85,-112.8333,94.53,34,76,4.65
328,Sola,VU,2021-07-31 20:14,-13.8833,167.55,76.68,75,100,15.64
329,Petropavlovsk-Kamchatskiy,RU,2021-07-31 20:11,53.0452,158.6483,50.59,100,90,4.47
330,Springbok,ZA,2021-07-31 20:14,-29.6643,17.8865,58.12,20,1,4.63
331,Poum,NC,2021-07-31 20:14,-20.2333,164.0167,68.49,59,25,17.56
332,Paraiba Do Sul,BR,2021-07-31 20:14,-22.1619,-43.2928,63.68,54,22,1.3
333,Kupang,ID,2021-07-31 20:14,-10.1667,123.5833,75.36,84,5,9.26
334,Alta Floresta,BR,2021-07-31 20:14,-9.8756,-56.0861,95.07,17,33,5.73
335,Morrope,PE,2021-07-31 20:13,-6.5417,-80.0111,78.8,61,6,17.34
336,Coihueco,CL,2021-07-31 20:14,-36.6167,-71.8333,57.94,63,75,10.36
337,Saint-Denis,FR,2021-07-31 20:14,48.9167,2.3333,68.23,68,0,1.01
338,Havre-Saint-Pierre,CA,2021-07-31 20:14,50.2334,-63.5986,58.23,88,100,10.09
339,Roma,US,2021-07-31 20:14,43.2128,-75.4557,73.13,49,75,11.5
340,Horsham,GB,2021-07-31 20:14,51.064,-0.3272,63.64,91,40,8.05
341,Inirida,CO,2021-07-31 20:14,3.8653,-67.9239,76.46,80,99,3.71
342,Pisco,PE,2021-07-31 20:14,-13.7,-76.2167,66.25,68,20,10.36
343,Aleksandrov Gay,RU,2021-07-31 20:14,50.147,48.5704,77.63,51,16,7.02
344,Shirokiy,RU,2021-07-31 20:14,49.758,129.523,64.33,97,63,15.73
345,Buin,CL,2021-07-31 20:14,-33.7333,-70.75,73.72,23,31,2.15
346,Killybegs,IE,2021-07-31 20:14,54.6333,-8.45,56.91,75,100,11.1
347,Kabanjahe,ID,2021-07-31 20:14,3.1001,98.4908,61.56,96,100,3.98
348,Half Moon Bay,US,2021-07-31 20:14,37.4636,-122.4286,92.8,65,40,9.22
349,Bonthe,SL,2021-07-31 20:14,7.5264,-12.505,74.8,88,100,8.01
350,Santa Fe,AR,2021-07-31 20:14,-31.6333,-60.7,69.03,23,0,1.99
351,Hue,VN,2021-07-31 20:14,16.4667,107.6,87.91,58,40,4.61
352,Joue-Les-Tours,FR,2021-07-31 20:11,47.3522,0.6691,66.54,67,75,1.01
353,Ilulissat,GL,2021-07-31 20:14,69.2167,-51.1,60.82,36,11,8.05
354,Bilma,NE,2021-07-31 20:13,18.6853,12.9164,98.42,12,33,6.46
355,Cabras,IT,2021-07-31 20:14,39.93,8.5314,80.91,82,100,6.93
356,Sile,TR,2021-07-31 20:14,41.1754,29.6133,81.27,73,0,11.16
357,Manta,EC,2021-07-31 20:14,-0.95,-80.7333,76.91,74,66,13.94
358,Jacksonville Beach,US,2021-07-31 20:14,30.2947,-81.3931,97.14,54,20,3
359,Hornepayne,CA,2021-07-31 20:14,49.2138,-84.7705,63.16,77,100,4.36
360,Anzio,IT,2021-07-31 20:14,41.4853,12.6179,82.85,98,0,12.46
361,Cockburn Town,TC,2021-07-31 20:14,21.4612,-71.1419,85.96,66,40,17.27
362,Vanavara,RU,2021-07-31 20:14,60.34,102.2797,58.86,90,100,3.6
363,Phibun Mangsahan,TH,2021-07-31 20:14,15.2447,105.2291,75.74,94,100,7.52
364,Imbituba,BR,2021-07-31 20:14,-28.24,-48.6703,61.83,79,18,10.33
365,Mehamn,NO,2021-07-31 20:14,71.0357,27.8492,49.35,86,100,1.34
366,Orodara,BF,2021-07-31 20:14,10.9492,-4.9342,69.98,94,100,2.3
367,Lavrentiya,RU,2021-07-31 20:14,65.5833,-171,43.39,86,100,8.03
368,Cayenne,GF,2021-07-31 20:10,4.9333,-52.3333,86.09,75,0,4
369,Keflavik,IS,2021-07-31 20:14,64.0049,-22.5624,55.53,100,90,13.8
370,Nadym,RU,2021-07-31 20:14,65.5333,72.5167,48.76,77,24,9.35
371,Irbil,IQ,2021-07-31 20:14,36.1926,44.0106,95.72,24,73,10.76
372,Sabya,SA,2021-07-31 20:14,17.1495,42.6254,85.3,57,95,1.86
373,Maraba,BR,2021-07-31 20:14,-5.3686,-49.1178,82.58,74,75,3.44
374,Waitara,NZ,2021-07-31 20:14,-38.925,174.25,50,81,100,4.65
375,Ayan,RU,2021-07-31 20:11,56.45,138.1667,54.1,71,0,6.8
376,Port Hawkesbury,CA,2021-07-31 20:14,45.6169,-61.3485,69.91,69,48,5.01
377,Atambua,ID,2021-07-31 20:14,-9.1061,124.8925,71.69,88,30,5.48
378,Lac Du Bonnet,CA,2021-07-31 20:14,50.2536,-96.0612,75.58,29,3,14.58
379,Mutis,CO,2021-07-31 20:14,6.2262,-77.4044,82.89,80,59,7.47
380,Chapais,CA,2021-07-31 20:14,49.7834,-74.8492,64.47,34,55,7.09
381,Pichayevo,RU,2021-07-31 20:14,53.2363,42.2032,69.67,58,83,3.4
382,San Cristobal,VE,2021-07-31 20:14,7.7669,-72.225,86.18,54,66,8.5
383,Raudeberg,NO,2021-07-31 20:14,61.9875,5.1352,54.27,87,98,28.07
384,Biak,ID,2021-07-31 20:14,-0.9131,122.8766,75.16,87,23,4.76
385,Okhotsk,RU,2021-07-31 20:14,59.3833,143.3,57.61,67,15,8.57
386,Meulaboh,ID,2021-07-31 20:14,4.1363,96.1285,75.78,85,100,2.84
387,Smithers,CA,2021-07-31 20:14,54.7804,-127.1743,87.69,30,0,3.18
388,Portobelo,PA,2021-07-31 20:14,9.55,-79.65,89.62,79,80,7.25
389,Beyla,GN,2021-07-31 20:14,8.6833,-8.6333,68.25,97,31,3.83
390,Korla,CN,2021-07-31 20:14,41.7597,86.1469,72.12,41,94,17.76
391,Alice Town,BS,2021-07-31 20:14,25.7167,-79.3,85.35,64,23,6.58
392,Pavlovskaya Sloboda,RU,2021-07-31 20:14,55.8156,37.0828,67.24,74,45,5.06
393,Birao,CF,2021-07-31 20:14,10.2849,22.7882,72.88,89,66,3.83
394,Jiuquan,CN,2021-07-31 20:14,39.7432,98.5174,76.98,24,100,8.5
395,Goderich,CA,2021-07-31 20:14,43.7501,-81.7165,74.91,73,91,8.72
396,Virginia Beach,US,2021-07-31 20:10,36.8529,-75.978,84.22,73,90,12.66
397,Raahe,FI,2021-07-31 20:14,64.6833,24.4833,57.29,86,75,5.99
398,Shimoda,JP,2021-07-31 20:14,34.6667,138.95,76.1,84,11,4.72
399,Yatou,CN,2021-07-31 20:14,37.15,122.3833,75.24,95,5,7.2
400,Nemuro,JP,2021-07-31 20:14,43.3236,145.575,65.05,99,100,14.23
401,Kitimat,CA,2021-07-31 20:13,54.0524,-128.6534,87.08,48,0,3.11
402,Price,US,2021-07-31 20:14,39.5994,-110.8107,86.72,41,1,9.15
403,Todos Santos,MX,2021-07-31 20:14,23.45,-110.2167,96.3,75,59,7.83
404,Huarmey,PE,2021-07-31 20:14,-10.0681,-78.1522,69.89,71,6,13.53
405,Pasighat,IN,2021-07-31 20:14,28.0667,95.3333,76.26,97,49,2.37
406,Alofi,NU,2021-07-31 20:14,-19.0595,-169.9187,75.09,94,90,13.8
407,Omurtag,BG,2021-07-31 20:14,43.1,26.4167,67.95,60,3,5.19
408,Kasempa,ZM,2021-07-31 20:14,-13.4584,25.8338,60.67,52,0,11.03
409,Kashin,RU,2021-07-31 20:14,57.3592,37.6081,59.92,82,3,7.99
410,Kattivakkam,IN,2021-07-31 20:14,13.2167,80.3167,80.69,56,71,10.25
411,Antigonish,CA,2021-07-31 20:14,45.6169,-61.9986,70.14,68,57,5.99
412,Vestmannaeyjar,IS,2021-07-31 20:14,63.4427,-20.2734,53.56,93,99,8.28
413,Huayucachi,PE,2021-07-31 20:14,-12.1333,-75.2333,60.44,51,77,8.57
414,Sharan,RU,2021-07-31 20:14,54.8167,54,65.79,87,55,6.46
415,Charters Towers,AU,2021-07-31 20:14,-20.1,146.2667,61.29,91,0,6.13
416,Urumqi,CN,2021-07-31 20:14,43.801,87.6005,61.75,68,0,6.71
417,Zyryanka,RU,2021-07-31 20:14,65.75,150.85,47.3,89,100,20.47
418,Calama,CL,2021-07-31 20:14,-22.4667,-68.9333,64.89,19,75,19.57
419,Andenes,NO,2021-07-31 20:14,69.3143,16.1194,46.38,81,90,9.22
420,Asyut,EG,2021-07-31 20:14,27.181,31.1837,91.72,16,7,4.16
421,Haicheng,CN,2021-07-31 20:14,40.8516,122.7475,70.79,95,0,4.97
422,Englehart,CA,2021-07-31 20:14,47.8169,-79.8664,65.48,56,100,6.46
423,Saint Anthony,US,2021-07-31 20:14,45.0205,-93.218,87.73,42,20,7
424,Scottsbluff,US,2021-07-31 20:13,41.8666,-103.6672,81.81,56,1,5.99
425,Zaoyang,CN,2021-07-31 20:14,32.1272,112.7542,78.66,88,0,5.55
426,Havre,FR,2021-07-31 20:14,49.5833,0.3333,61.23,77,0,6.91
427,Ciudad Bolivar,VE,2021-07-31 20:14,8.1222,-63.5497,89.08,53,86,5.3
428,Kindu,CD,2021-07-31 20:14,-2.95,25.95,77.31,37,99,3.49
429,Tete,MZ,2021-07-31 20:14,-16.1564,33.5867,73.49,64,75,11.5
430,Mafinga,TZ,2021-07-31 20:14,-7.25,35.0667,66.6,44,50,4.99
431,Kamyaran,IR,2021-07-31 20:14,34.7956,46.9355,73.35,14,0,0.58
432,Wanning,CN,2021-07-31 20:14,18.8003,110.3967,82.09,80,100,10.54
433,Middle Island,US,2021-07-31 20:14,40.8843,-72.9373,78.84,51,40,4
434,Terrace,CA,2021-07-31 20:14,54.5163,-128.6035,86.34,49,0,1.34
435,Pyaozerskiy,RU,2021-07-31 20:14,65.8333,31.1667,52.39,91,91,2.89
436,Pasan,IN,2021-07-31 20:14,22.85,82.2,73.13,93,100,6.78
437,Mwinilunga,ZM,2021-07-31 20:14,-11.7358,24.4293,57.31,47,0,4.63
438,Asau,RO,2021-07-31 20:14,46.4333,26.4,72.52,67,51,5.5
439,Iqaluit,CA,2021-07-31 20:14,63.7506,-68.5145,56.7,58,79,5.01
440,Juneau,US,2021-07-31 20:13,58.3019,-134.4197,78.84,67,75,9.22
441,Maragogi,BR,2021-07-31 20:14,-9.0122,-35.2225,76.87,78,65,12.91
442,Antalaha,MG,2021-07-31 20:14,-14.9003,50.2788,68.07,81,2,8.95
443,Cajamarca,PE,2021-07-31 20:14,-7.1638,-78.5003,68.07,37,75,8.05
444,Mahibadhoo,MV,2021-07-31 20:14,3.7833,72.9667,82.98,72,96,8.05
445,Fayaoue,NC,2021-07-31 20:14,-20.65,166.5333,69.1,51,13,7.85
446,Opole Lubelskie,PL,2021-07-31 20:14,51.1478,21.969,65.98,89,100,7.61
447,Faya,SA,2021-07-31 20:14,18.3851,42.4509,63.12,84,100,8.55
448,Abalak,RU,2021-07-31 20:14,58.1286,68.5944,53.78,96,99,5.35
449,Husavik,IS,2021-07-31 20:14,66.0449,-17.3389,57.11,62,64,3.8
450,Tutoia,BR,2021-07-31 20:14,-2.7619,-42.2744,84.18,74,2,10.33
451,Tuy Hoa,VN,2021-07-31 20:14,13.0833,109.3,82.58,69,100,11.01
452,Jutai,BR,2021-07-31 20:14,-5.1833,-68.9,90.25,28,7,0.98
453,Dentsville,US,2021-07-31 20:15,34.064,-80.9582,97.54,58,40,1.01
454,Souillac,MU,2021-07-31 20:15,-20.5167,57.5167,67.35,71,21,14.34
455,Awbari,LY,2021-07-31 20:15,26.5921,12.7805,90.46,13,0,7.76
456,Bubaque,GW,2021-07-31 20:15,11.2833,-15.8333,77.5,90,100,18.3
457,Usinsk,RU,2021-07-31 20:15,65.9939,57.5281,56.25,70,100,9.55
458,Lannion,FR,2021-07-31 20:15,48.75,-3.4167,61.34,82,0,9.22
459,Ialibu,PG,2021-07-31 20:15,-6.2821,143.9935,56.03,97,98,1.83
460,Kassala,SD,2021-07-31 20:15,15.451,36.4,73.62,87,100,14.43
461,Antsohihy,MG,2021-07-31 20:15,-14.8796,47.9875,70.38,57,1,11.61
462,Bandarbeyla,SO,2021-07-31 20:15,9.4942,50.8122,76.05,82,100,25.95
463,Nagai,JP,2021-07-31 20:15,38.1036,140.035,73.58,91,42,2.13
464,Denpasar,ID,2021-07-31 20:15,-8.65,115.2167,78.46,89,20,9.22
465,Semporna,MY,2021-07-31 20:15,4.4818,118.6112,79.18,83,5,3.74
466,Palembang,ID,2021-07-31 20:12,-2.9167,104.7458,73.6,96,12,3.4
467,Bayan,CN,2021-07-31 20:15,46.0833,127.4,71.69,96,100,11.07
468,Do Gonbadan,IR,2021-07-31 20:15,30.3586,50.7981,86.09,23,0,0
469,Kibala,TD,2021-07-31 20:15,9.1104,18.3463,75.15,88,20,0
470,Ayagoz,KZ,2021-07-31 20:15,47.9714,80.4392,58.64,29,2,3.2
471,Puteyets,RU,2021-07-31 20:15,65.1716,57.091,55.72,94,100,11.39
472,Sakakah,SA,2021-07-31 20:15,29.9697,40.2064,90.99,11,0,6.73
473,Yurino,RU,2021-07-31 20:15,56.2942,46.3039,67.32,57,53,10.04
474,San Lorenzo,PY,2021-07-31 20:15,-25.3333,-57.5333,54.54,82,75,3.44
475,Concepcion,CL,2021-07-31 20:12,-36.827,-73.0498,60.6,48,0,10.36
476,Pucallpa,PE,2021-07-31 20:15,-8.3791,-74.5539,84.24,48,20,4.61
477,Hailar,CN,2021-07-31 20:15,49.2,119.7,55.42,92,100,9.31
478,Conde,BR,2021-07-31 20:15,-7.2597,-34.9075,80.06,69,40,14.97
479,Acarau,BR,2021-07-31 20:15,-2.8856,-40.12,82.29,66,100,16.62
480,Rajakhera,IN,2021-07-31 20:15,26.8961,78.1714,85.03,75,48,4.65
481,Gombe,NG,2021-07-31 20:15,10.2897,11.1673,75.92,78,100,7.05
482,Shihezi,CN,2021-07-31 20:15,44.3,86.0333,68.97,41,72,9.33
483,Grand Island,US,2021-07-31 20:10,40.925,-98.342,79.09,61,40,5.75
484,Bathsheba,BB,2021-07-31 20:15,13.2167,-59.5167,86.61,74,40,18.41
485,Kamaishi,JP,2021-07-31 20:15,39.2667,141.8833,73.54,93,100,6.73
486,Yeppoon,AU,2021-07-31 20:15,-23.1333,150.7333,60.58,88,0,4.83
487,San Antonio,US,2021-07-31 20:12,29.4241,-98.4936,99.9,51,75,6.91
488,Sarangani,PH,2021-07-31 20:15,5.4033,125.4636,83.46,78,74,11.12
489,Minot,US,2021-07-31 20:15,48.2325,-101.2963,88.02,27,75,1.99
490,Masyaf,SY,2021-07-31 20:15,35.0653,36.3406,74.01,72,0,7.25
491,Santa Luzia,BR,2021-07-31 20:15,-19.7697,-43.8514,67.1,38,18,8.86
492,Rawlins,US,2021-07-31 20:15,41.7911,-107.2387,71.82,50,90,16.11
493,Abong Mbang,CM,2021-07-31 20:15,3.9833,13.1833,68.41,95,86,3.04
494,Sarkand,KZ,2021-07-31 20:15,45.41,79.9186,60.71,33,1,6.62
495,Elmira,US,2021-07-31 20:15,42.0898,-76.8077,75.78,57,20,5.75
496,Marghita,RO,2021-07-31 20:15,47.35,22.3333,75.13,78,0,2.19
497,Cherskiy,RU,2021-07-31 20:15,68.75,161.3,41.29,92,100,13.94
498,Rapid City,US,2021-07-31 20:14,44.0805,-103.231,87.46,39,1,3
499,Sambava,MG,2021-07-31 20:15,-14.2667,50.1667,67.17,82,0,11.81
500,Mogadishu,SO,2021-07-31 20:15,2.0371,45.3438,76.32,81,92,17.92
501,Jamame,SO,2021-07-31 20:15,0.0722,42.7506,75.02,83,81,14.38
502,Qinhuangdao,CN,2021-07-31 20:15,39.9317,119.5883,69.8,90,100,7.99
503,Doha,QA,2021-07-31 20:11,25.2867,51.5333,94.98,66,0,2.3
504,Hami,CN,2021-07-31 20:12,42.8,93.45,80.22,34,100,8.66
505,Wenling,CN,2021-07-31 20:15,28.3669,121.36,78.91,92,91,5.55
506,Tecoanapa,MX,2021-07-31 20:15,16.5167,-98.75,86.25,67,15,9.95
507,Sao Filipe,CV,2021-07-31 20:15,14.8961,-24.4956,76.05,84,86,11.9
508,Teguldet,RU,2021-07-31 20:15,57.3064,88.1667,54.46,80,59,4.94
509,Colac,AU,2021-07-31 20:15,-38.3333,143.5833,45.84,94,68,6.35
510,Vostok,RU,2021-07-31 20:15,46.4856,135.8833,62.96,97,72,3.94
511,Araouane,ML,2021-07-31 20:15,18.9048,-3.5265,103.1,23,23,4.7
512,Puro,PH,2021-07-31 20:15,12.4841,123.3827,83.21,78,100,18.43
513,Dire Dawa,ET,2021-07-31 20:15,9.5931,41.8661,70.07,63,20,17.05
514,Guanare,VE,2021-07-31 20:13,9.0418,-69.7421,84.88,67,83,5.19
515,Camapua,BR,2021-07-31 20:15,-19.5314,-54.0439,84.69,18,45,4.83
516,Ignacio Zaragoza,MX,2021-07-31 20:15,28.3833,-107.2167,77.76,34,31,9.26
517,Mackay,AU,2021-07-31 20:15,-21.15,149.2,66.04,85,78,5.12
518,Mbuji-Mayi,CD,2021-07-31 20:15,-6.15,23.6,77.32,24,9,4.59
519,Martapura,ID,2021-07-31 20:15,-3.4167,114.85,75.29,100,60,3.44
520,Buinsk,RU,2021-07-31 20:15,54.95,48.2833,67.23,72,0,7.96
521,Cody,US,2021-07-31 20:14,44.5263,-109.0565,90.21,32,40,4.61
522,Santa Catarina De Tepehuanes,MX,2021-07-31 20:15,25.35,-105.7333,81.5,38,52,6.42
523,Cabo San Lucas,MX,2021-07-31 20:12,22.8909,-109.9124,96.8,60,75,5.99
524,Copperas Cove,US,2021-07-31 20:15,31.1241,-97.9031,97.56,54,20,13.8
525,Sitka,US,2021-07-31 20:15,57.0531,-135.33,60.69,88,90,5.75
526,Waingapu,ID,2021-07-31 20:15,-9.6567,120.2641,74.07,80,9,7.43
527,Nabire,ID,2021-07-31 20:15,-3.3667,135.4833,74.93,91,89,3.42
528,Vitim,RU,2021-07-31 20:15,59.4511,112.5578,53.78,65,17,5.28
529,Avera,US,2021-07-31 20:15,33.194,-82.5271,96.91,47,98,8.05
530,Yulara,AU,2021-07-31 20:15,-25.2406,130.9889,51.64,76,40,0
531,Vanimo,PG,2021-07-31 20:15,-2.6741,141.3028,76.23,89,44,4.27
532,Hulan Ergi,CN,2021-07-31 20:15,47.2042,123.6333,58.93,93,100,14.65
533,Mangrol,IN,2021-07-31 20:15,21.1167,70.1167,81.75,82,100,23.85
534,Gadarwara,IN,2021-07-31 20:15,22.9167,78.7833,75.27,89,100,10.4
535,Duku,NG,2021-07-31 20:15,11.2361,4.9073,74.75,91,100,3.33
536,Flinders,AU,2021-07-31 20:13,-34.5833,150.8552,59.81,72,2,7.81
537,Dabrowa Gornicza,PL,2021-07-31 20:15,50.3182,19.2374,72.1,91,40,2.71
538,Ati,TD,2021-07-31 20:15,13.2154,18.3353,79.68,77,53,9.01
539,Lubbock,US,2021-07-31 20:10,33.6001,-101.8338,97.05,31,40,3.44
540,San Angelo,US,2021-07-31 20:15,31.4638,-100.437,100.63,35,40,1.99
541,Mareeba,AU,2021-07-31 20:15,-17,145.4333,61.45,96,20,2.46
542,Honningsvag,NO,2021-07-31 20:15,70.9821,25.9704,45.81,91,100,11.56
543,Rivadavia,AR,2021-07-31 20:15,-33.1905,-68.4608,60.39,28,2,9.82
544,Cabedelo,BR,2021-07-31 20:15,-6.9811,-34.8339,81.27,80,7,17.74
545,Sirnak,TR,2021-07-31 20:15,37.5228,42.4594,78.69,29,83,7.61
546,Athol,US,2021-07-31 20:15,42.5959,-72.2268,75.33,49,90,4.61
547,Svetlaya,RU,2021-07-31 20:15,46.5389,138.3297,63.93,95,100,11.5
548,Kloulklubed,PW,2021-07-31 20:15,7.0419,134.2556,83.7,74,99,10.29
549,Honiara,SB,2021-07-31 20:15,-9.4333,159.95,75.96,87,72,3.6
550,Merauke,ID,2021-07-31 20:15,-8.4667,140.3333,75.02,91,81,11.21
551,Bahraich,IN,2021-07-31 20:15,27.5833,81.6,81.63,81,82,15.35
552,Tallahassee,US,2021-07-31 20:11,30.4383,-84.2807,97.93,52,75,0
553,Chapada Dos Guimaraes,BR,2021-07-31 20:15,-15.4606,-55.7497,83.86,15,96,4.92
554,Rabo De Peixe,PT,2021-07-31 20:15,37.8,-25.5833,72.91,73,20,8.05
